Mes,Aceites lubricantes,Asfalto ,Bunker C o fuel oil,Ceras,Combustible turbo jet,Diesel bajo azufre,Diesel ultra bajo azufre,Gas licuado de petróleo,Gasolina de aviación,Gasolina regular,Gasolina superior,Grasas lubricantes,Kerosina,Mezclas oleosas,Naftas,Petcoke,Petróleo crudo,Solventes,Butano,Diesel alto azufre,Total
2010-01-01 00:00:00,0,576114.2509870498,31051492.40393557,0,0,0,0,29948024.84106835,0,15432718.613875154,29309912.590526257,0,6466279.264049333,0,0,0,0,0,0,80947450.49030909,193731992.4547508
2010-02-01 00:00:00,0,784003.3580716824,27330313.84061098,0,0,0,0,25366449.48278745,445598.72,27464081.8486449,42541307.42726586,0,5478328.589956071,0,0,0,0,0,0,36210539.327509485,165620622.59484643
2010-03-01 00:00:00,0,834815.3444462481,27695681.870480113,0,0,0,0,9687223.056657042,0,14934535.533485867,29992954.97684221,0,3121628.1951229847,0,0,2421109.250086821,0,0,0,86340021.54742621,175027969.7745475
2010-04-01 00:00:00,0,973266.0221649035,44454094.58585561,0,0,0,0,23649221.03846301,0,39735817.55259696,53133198.39464117,0,4104637.078,0,0,2833813.224969984,0,0,0,59138471.97947546,228022519.8761671
2010-05-01 00:00:00,0,554965.9677260182,25740979.30021302,0,0,0,0,14218408.6473069,443132.62999999995,24631101.4638602,40977661.97480375,0,5926308.310954013,0,0,2809928.0613713814,0,0,0,97888827.04121748,213191313.39745277
2010-06-01 00:00:00,0,211696.23705623028,8503664.065420741,0,0,0,0,20258203.313500598,0,23812242.52067789,40773372.46236759,0,5281837.59,0,0,0,0,0,0,49214064.10447858,148055080.29350162
2010-07-01 00:00:00,0,296150.1661357393,28310658.26176305,0,0,0,0,26033636.81602683,419591.34,20516273.57798825,39924976.98581802,0,3835435.9020000007,0,0,2763508.2329142964,0,0,0,62737748.038366675,184837979.32101285
2010-08-01 00:00:00,0,150916.76973164713,15347010.264420189,0,0,0,0,13452974.279279783,0,25171747.351320334,43936937.539542176,0,6094100.626393581,0,0,0,0,0,0,56283029.72403124,160436716.55471897
2010-09-01 00:00:00,0,298052.4055867729,9557769.31332165,0,0,0,0,8462070.98803039,0,17775482.43446874,28312843.85765003,0,1430077.55,0,0,0,0,0,0,68213266.17875603,134049562.72781362
2010-10-01 00:00:00,0,383397.5337729589,26178154.238,0,0,0,0,20301258.744479977,394682.46,35621286.29393125,48744378.21271028,0,4215102.359999999,0,0,0,0,0,0,66656301.605599076,202494561.44849354
2010-11-01 00:00:00,0,534220.4145774883,25716877.52048738,0,0,0,0,35072659.9290377,0,12926223.909674557,23330237.528692182,0,5720561.61221124,0,0,0,0,0,0,60276687.748334885,163577468.66301543
2010-12-01 00:00:00,0,329642.56753699016,12656328.374168413,0,0,0,0,18153937.576552182,313934.16000000003,43732726.71266044,67983668.45610766,0,4759283.407213768,0,0,0,0,0,0,118284447.40136638,266213968.65560585
2011-01-01 00:00:00,0,460821.39198390295,21410731.284540128,0,0,0,0,31388527.192663684,0,26466205.957269374,41829383.22948082,0,7806773.432036571,0,0,3964796.87,0,0,0,113249335.32256158,246576574.68053603
2011-02-01 00:00:00,0,591049.883811183,35583873.84272956,0,0,0,0,22635302.879892528,349499.66,36819889.6646924,47803262.95174831,0,5238068.5006191395,0,0,3850274.1,0,0,0,93215096.7900194,246086318.2735125
2011-03-01 00:00:00,0,941796.0062192088,13103262.602493286,0,0,0,0,20975524.60940004,0,36557578.43983197,56872082.039834924,0,4435607.74,0,0,0,0,0,0,93799039.97760072,226684891.41538015
2011-04-01 00:00:00,0,549391.1572811708,68346248.56112033,0,0,0,0,30559109.370760947,0,45886020.574228264,50230591.44430431,0,6480665.062722424,0,0,5783491.25,0,0,0,106932675.45684747,314768192.8772649
2011-05-01 00:00:00,0,422955.5927527243,42742675.116696045,0,0,0,0,17853874.691685166,392912.5,52578175.89562105,69015821.25538789,0,7249421.4625992915,0,0,0,0,0,0,123942425.23130621,314198261.74604833
2011-06-01 00:00:00,0,709048.9949259739,69443620.56885669,0,0,0,0,25991673.385187462,587481.4400000001,29701708.9921644,46640640.6720021,0,3089266.5334282126,0,0,4094597.71,0,0,0,74613906.31023256,254871944.6067974
2011-07-01 00:00:00,0,1149258.7548414855,41253655.10542203,0,0,0,0,12077304.066167304,0,24076351.729736228,48307141.28678598,0,6145339.147479705,0,0,8508367.62,0,0,0,96718309.0299686,238235726.74040133
2011-08-01 00:00:00,0,934866.5971615983,26850443.553960502,0,0,0,0,42698694.26441114,407456,25904644.90536499,35196160.24364536,0,8310713.392709898,0,0,0,0,0,0,132708840.51018026,273011819.46743375
2011-09-01 00:00:00,0,960263.5330831659,35396547.92179778,0,0,0,0,30659598.06203977,0,33554330.85754998,43510032.04623877,0,7954991.903516168,0,0,3540942.49,0,0,0,103183537.21133901,258760244.02556464
2011-10-01 00:00:00,0,855809.5436849131,18227714.77231565,0,0,0,0,25222478.603430748,269343.22,28548753.271902986,42450686.48481546,0,7300519.1316,0,0,0,0,0,0,77995330.2794546,200870635.30720437
2011-11-01 00:00:00,0,1159804.0171722642,21689378.996062014,0,0,0,0,29681166.25802396,0,28427296.20213456,55166501.21015434,0,6257121.086668736,0,0,0,0,0,0,76103746.8609632,218485014.63117906
2011-12-01 00:00:00,0,1182249.0708958625,25248808.747104093,0,0,0,0,11197157.216628656,333969.72,41258114.11914156,61581882.392231666,0,6966987.478102835,0,0,0,0,0,0,93153932.99203368,240923101.73613834
2012-01-01 00:00:00,0,1373565.047270788,19945547.382288918,0,0,0,0,34486020.59447573,0,38134582.83468731,53648985.917469285,0,3770334.4101483757,0,0,5112317.4,0,0,0,102867916.3467189,259339269.9330593
2012-02-01 00:00:00,0,579882.881331868,5993278.230320488,0,0,0,0,13533711.906957936,399267,33174212.938383494,49616927.859061025,0,10554964.686457451,0,0,2460307.94,0,0,0,122375960.85736692,238688514.2998792
2012-03-01 00:00:00,0,1769390.3123402777,55727693.0894873,0,0,0,0,37019615.51320213,0,33891452.89658645,49026143.35767016,0,5852978.371800775,0,0,0,0,0,0,138597283.63524467,321884557.17633176
2012-04-01 00:00:00,0,994561.5169137565,49488581.12345888,0,0,0,0,9764826.000208255,575372.7,25597654.245253894,55264526.2092658,0,3066079.903309921,0,0,0,0,0,0,94604267.56248632,239355869.2608968
2012-05-01 00:00:00,0,1389403.113412783,46446376.87254717,0,0,0,0,31076834.397769302,287881.11000000004,30817123.252974227,48535179.52416665,0,9721358.981020158,0,0,2816374.67,0,0,0,106837783.9072134,277928315.8291037
2012-06-01 00:00:00,0,562376.1541092418,47161959.47866058,0,0,0,0,27433455.240480762,342602.7,39695338.71861012,68670642.60340399,0,5632462.060200221,0,0,0,0,0,0,105771663.82604688,295270500.7815118
2012-07-01 00:00:00,0,1041341.6045796631,29142054.175987944,0,0,0,0,9183637.523594083,0,16563537.544062205,32344182.66732069,0,8993440.901428001,0,0,0,0,0,0,140317065.37248737,237585259.78945994
2012-08-01 00:00:00,0,1386058.361423402,8104310.363348877,0,0,0,0,19945442.30287563,0,33034667.307102308,46322607.64615864,0,8829322.477112537,0,0,2470656.71,0,0,0,81061791.39033487,201154856.55835629
2012-09-01 00:00:00,0,727646.5753825866,34375411.86933009,0,0,0,0,23659354.058954593,535248.66,28328995.333013047,53968268.631520696,0,7894648.062905566,0,0,0,0,0,0,79979106.2365186,229468679.42762518
2012-10-01 00:00:00,0,238338.00909880924,39793573.62268454,0,0,0,0,9302004.577168167,0,48040246.255134024,78277588.12906061,0,4606390.525062172,0,0,0,0,0,0,63218991.23847712,243477132.35668546
2012-11-01 00:00:00,0,0,48191439.09837815,0,0,0,0,25525949.42282033,499660.48,22407725.213579703,41327227.849670514,0,4890176.825481873,0,0,2272918.69,0,0,0,69139802.0325331,214254899.61246368
2012-12-01 00:00:00,0,0,27590154.47383306,0,0,0,0,7931757.19600275,17345.002080000002,32664640.260707065,48230723.19894017,0,5749391.671304569,0,0,2297266.55,0,0,0,169795000.73343536,294276279.086303
2013-01-01 00:00:00,0,0,36197918.028030306,0,0,0,0,28297347.425107423,34384.0000472,45387889.05524598,53824983.315215394,0,7635741.88551941,0,0,2277735.54,0,0,0,99056897.3033295,272712896.55249524
2013-02-01 00:00:00,0,0,34851504.85471056,0,0,0,0,7607275.224203595,189111.71096719996,31946296.357842498,62632885.15073699,0,7872591.599932553,0,0,2830586.94,0,0,0,96714052.62057579,244644304.45896918
2013-03-01 00:00:00,0,481497.6784317539,23682419.3185785,0,0,0,0,27929318.212598216,611990.4640472,58957523.80463471,57193277.24251596,0,2695079.424707985,0,0,0,0,0,0,112694287.96008208,284245394.1055964
2013-04-01 00:00:00,0,0,33592816.52810181,0,0,0,0,27859730.680134457,0,32238393.867419355,53349146.5866516,0,6101716.997145192,0,0,0,0,0,0,102627768.83566293,255769573.49511534
2013-05-01 00:00:00,0,0,31954327.372874074,0,0,0,0,10885563.740632672,156595.7136464,32911149.47546611,64924376.64015551,0,8559582.27389243,0,0,2878658.12,0,0,0,143898029.29753566,296168282.63420284
2013-06-01 00:00:00,0,3601715.2500000005,34678022.19037176,0,0,0,0,31245214.106720883,241627.1165,33516349.86921939,34863367.02138027,0,7813037.227049267,0,0,2549580.83,0,0,0,88470199.51511449,236979113.12635607
2013-07-01 00:00:00,0,0,10361956.17387399,0,0,0,0,21055608.777945437,160669.4005,31331388.55748748,59364276.81403125,0,7221269.934814516,0,0,0,0,0,0,88707209.92965588,218202379.58830857
2013-08-01 00:00:00,0,0,38416915.96912717,0,0,0,0,22716824.081626367,722015.7200000001,26808294.886669427,44566166.930263445,0,7184010.126566629,0,0,2204809.17,0,0,0,60551752.484992206,203170789.36924523
2013-09-01 00:00:00,0,31224.58336007323,17112853.163810372,0,0,0,0,25073725.325270727,0,37754529.60880005,46929171.48132453,0,10682284.037716169,0,0,2546293.23,0,0,0,97120513.08203621,237250594.51231813
2013-10-01 00:00:00,0,104684.58827539874,16700819.802183624,0,0,0,0,27557076.908099174,650294.5668,30730995.918042246,42998750.35701791,0,16744464.976504438,0,0,0,0,0,0,122367897.32931656,257854984.44623935
2013-11-01 00:00:00,0,15133.707042812002,19079919.616237924,0,0,0,0,29812755.30755035,150409.6107,40717103.12037527,55098257.24097536,0,667901.9243673496,0,0,2561719.46,0,0,0,112676263.04469812,260779463.03194717
2013-12-01 00:00:00,0,15088.09924330097,24028726.119050168,0,0,0,0,30883140.649343327,0,22799803.758608416,41601745.30013597,0,11634114.203951241,0,0,0,0,0,0,100087163.0860956,231049781.21642804
2014-01-01 00:00:00,0,212346.52010440096,16492094.202399205,0,0,0,0,27749808.621815864,250222.00000000003,56666406.41072121,53959260.74944244,0,13394922.399466611,0,0,2157208.42,0,0,0,198514357.77608216,369396627.1000319
2014-02-01 00:00:00,0,589751.52,11010948.496,0,0,0,0,26898213.11000628,0,35411600.159499995,55346175.06235,0,10239068.2132,0,0,0,0,0,0,84539376.1398,224035132.70085627
2014-03-01 00:00:00,0,280521,37687578.86889999,0,0,0,0,25327977.856985662,654853.5648,54951842.381500006,71960206.4856,0,5974502.4,0,0,5029890.58,0,0,0,141407229.28293335,343274602.420719
2014-04-01 00:00:00,0,231028.73,30572338.7913,0,0,0,0,29890137.46688728,304386.544,24285410.3208,33568449.57425,0,8665914.341,0,0,106103.34,0,0,0,102857607.72479999,230481376.83303726
2014-05-01 00:00:00,0,200878.4928,22983837.313699998,0,0,0,0,35526725.175625615,839492.5896000001,49538840.7216,71466960.47000001,0,21151030.245899998,0,0,5108884.93,0,0,0,126497612.4938,333314262.43302566
2014-06-01 00:00:00,0,564462.7200000001,26909247.4992,0,0,0,0,23026914.38066323,0,29627113.792400002,51858250.0509,0,7634424.176000001,0,0,0,0,0,0,85384106.15630001,225004518.77546322
2014-07-01 00:00:00,0,347780.7,14678275.4646,0,0,0,0,27420449.80262786,0,53219953.413,68902863.1509,0,7595281.486,0,0,0,0,0,0,103601311.678,275765915.69512784
2014-08-01 00:00:00,0,184625.70299999998,41802432.96218601,0,0,0,0,27661911.78649751,72282.82,34696409.0375,47464792.7209,0,20132497.692,0,0,2405105,0,0,0,89890883.9978,264310941.7198835
2014-09-01 00:00:00,0,301775.792,32822239.122942,0,0,0,0,27874873.43950571,72688.22,41182717.9123,63712687.368,0,1648067.4,0,0,0,0,0,0,69864017.89500001,237479067.14974773
2014-10-01 00:00:00,0,351970.05039999995,18002211.142082,0,0,0,0,23381328.511659212,737931.8799999999,25623102.9084,40922432.464999996,0,2314910.2600000002,0,0,2349322.07,0,0,0,82285610.2116,195968819.49914122
2014-11-01 00:00:00,0,281491.89410000003,14792084.850626502,0,0,0,0,29564100.30626738,0,30613335.869500004,49666863.725700006,0,7819195.797600001,0,0,0,0,0,0,102994441.0702,235731513.5139939
2014-12-01 00:00:00,0,4064730.3504000003,5072397.347999999,0,0,0,0,22660099.250325773,2042472.1099999999,32184196.8984,42921144.135299996,0,10177181.15,0,0,2337854.85,0,0,0,81157819.0693,202617895.16172576
2015-01-01 00:00:00,0,15347.460000000001,15807730.782531999,0,918951.6,0,0,26320235.81799896,0,17218621.0401,25154056.743199997,0,345175.23,0,0,2077618.07,0,0,0,91713814.13652001,179571550.88035095
2015-02-01 00:00:00,0,334941.15449999995,6813447.9,0,12992019.25,0,0,20048670.218585335,0,32358916.719100002,42616672.0879,0,1733954,0,0,0,0,0,0,61720411.02240001,178619032.35248536
2015-03-01 00:00:00,0,803575.4935,11695029.8435609,0,4789132.1161,0,0,22903536.73645479,0,29926533.049500003,37151937.6622,0,1170969.5999999999,0,0,2224199.17,0,0,0,80503440.76550001,191168354.4368157
2015-04-01 00:00:00,0,1600140.6365999999,11923832.1689123,0,5756441.899999999,0,0,23725044.694306783,0,38579943.3311,45525215.5285,0,1126773.84,0,0,0,0,0,0,77963364.1098,206200756.2092191
2015-05-01 00:00:00,0,1684428.8894,17511118.99873,0,1393844.3938000002,0,0,18744178.115767423,0,37947895.154249996,47592932.42944999,0,3619826,0,0,2136206.52,0,0,0,77094674.627,207725105.1283974
2015-06-01 00:00:00,0,890579.9768000001,14783802.2372875,0,6200161.22,0,0,17193799.771851793,0,27181575.04,39795479.269999996,0,0,0,0,2091340.32,0,0,0,63438309.5333,171575047.3692393
2015-07-01 00:00:00,0,189031.72000000003,10383363.54937,0,8360367.3618,0,0,15351302.031496512,0,40149280.946899995,48812748.9209,0,339342.30000000005,0,0,0,0,0,0,82330933.7605,205916370.59096652
2015-08-01 00:00:00,0,210284.4,11755315.881638,0,6227761.8,0,0,20030368.41093314,0,20376916.36,32086371.299999997,0,0,0,0,2093098.12,0,0,0,61355490.356199995,154135606.62877113
2015-09-01 00:00:00,0,6438.931199999999,15578105.082392002,0,9114542.7682,0,0,17392387.923079427,0,26699054.571700003,34353787.6198,0,807333.7799999999,0,0,0,0,0,0,45772960.1588,149724610.83517143
2015-10-01 00:00:00,0,37141,9252565.89264,0,7321896.25,0,0,15187929.101774877,973801.3446,24138922.763,31334580.821100004,0,657000,0,0,1826738.07,0,0,0,64521715.89569999,155252291.13881487
2015-11-01 00:00:00,0,869172.2646000001,8880652.587017,0,9172617.7793,0,0,21636125.94926174,108.5,29673594.345100004,41941081.782699995,0,1325100,0,0,0,0,0,0,53922361.6948,167420814.90277874
2015-12-01 00:00:00,0,51031.0853,5550925.6946,0,8351998.507499998,0,0,18061748.77538808,0,15457232.2284,27980729.2089,0,870400,0,0,1570127.92,0,0,0,55696151.8919,133590345.31198809
2016-01-01 00:00:00,0,1515112.3299999998,5249167.770368,0,3549611.58,0,0,26251692.470541384,0,24622761.990999997,36876184.8859,0,784000,0,0,1125770.04,0,0,0,43029403.5638,143003704.63160938
2016-02-01 00:00:00,0,0,7516419.8047931995,0,4796540.79,0,0,9712739.066542711,0,17810004.096699998,20134441.145,0,1120500,0,0,0,0,0,0,49943229.999000005,111033874.9020359
2016-03-01 00:00:00,0,244649.7912,6652768.488,0,4565513.566,0,0,17871391.522922307,2484555.4299999997,24424500.7328,39903067.9645,0,689000,0,0,1286982.06,0,0,0,73947385.89296,172069815.44838232
2016-04-01 00:00:00,0,168286.80000000002,7434087.7866018,0,2484413.875,0,0,22282274.797933117,0,28957760.112,29945639.812400002,0,864000,0,0,1199722.563,0,0,0,56510308.93180001,149846494.67873493
2016-05-01 00:00:00,0,82286.4,16861407.626,0,4924069.3224,0,0,15967067.5441588,0,31437688.835100003,41046664.7757,0,1197000,0,0,0,0,0,0,58515260.34499999,170031444.84835878
2016-06-01 00:00:00,0,102859.20000000001,13427223.340999998,0,4871292.4682,0,0,29524109.039799035,0,25511227.066,35314080.51,0,1072000,0,0,0,0,0,0,52587499.72850001,162410291.35349905
2016-07-01 00:00:00,0,0,4978106.8732,0,5337256.6049999995,0,0,18965230.95820528,0,31838645.9075,41104762.2488,0,1386000,0,0,1646700,0,0,0,52344166.0069,157600868.5996053
2016-08-01 00:00:00,0,19287,8676265.098000001,0,7810641.092199999,0,0,22858394.157071974,8651,29816186.2011,39655529.1628,0,1200000,0,0,2577198.47,0,0,0,38396780.4031,151018932.58427197
2016-09-01 00:00:00,0,70713,7008473.9058,0,5091622.539,0,0,11781049.860834911,0,35415449.3182,45429509.3786,0,1054000,0,0,0,0,0,0,80574512.2726,186425330.2750349
2016-10-01 00:00:00,0,64286.99999999999,3023609.204,0,4734342.0506,0,0,27602475.164101325,0,29503844.3292,39203834.251,0,1753591,0,0,0,0,0,0,61856959.4058,167742942.40470132
2016-11-01 00:00:00,0,182287.59999999998,12624779.843879601,0,5753151.262,0,0,20209295.892620374,619932.04,26972215.4028,45890897.9596,0,725835,0,0,2307076.9,0,0,0,61985660.474199995,177271132.37509996
2016-12-01 00:00:00,0,161994,13699409.667787,0,10716974.9528,0,0,23301824.289268017,0,31032841.5722,38304374.1504,0,2132813.7199999997,0,0,2544448.81,0,0,0,88477351.9075,210372033.069955
2017-01-01 00:00:00,0,138041.939,12009812.8776,0,2345725.1427999996,0,0,24863933.358868003,0,37508890.3165,55559942.6909,0,0,0,0,0,0,0,20885.303900000003,58955417.3272,191402648.95676804
2017-02-01 00:00:00,0,64201.28399999999,3991503.1254000003,0,10393209.9249,0,0,14627908.487207977,2146252.5825,30318464.236899994,36438509.3291,0,74027.20000000001,0,0,0,0,0,0,59177291.2234,157231367.39340797
2017-03-01 00:00:00,0,180465.318,16567276.4857,0,4798538.084,0,0,39207090.089385636,3606922.83,38929371.8588,51437195.196600005,0,0,0,0,5962913.859999999,0,0,20685.7835,94335949.4296,255046408.93558565
2017-04-01 00:00:00,0,84779.7174,4633779.2664,0,9927607.695600001,0,0,22844826.788996458,62664.6083,47757744.187699996,48848239.5917,0,0,0,0,5733929.0600000005,0,0,20885.303900000003,95162701.067,235077157.28699645
2017-05-01 00:00:00,0,85126.8591,7154909.6044,0,5745765.937899999,0,0,25725525.732819278,393743.8756,24304538.1413,30969137.2191,0,0,0,0,0,0,0,21115.909000000003,56619326.36790001,151019189.64711928
2017-06-01 00:00:00,0,95385.61889999999,8193199.826599999,0,3108735.2368,0,0,21395825.213255346,45363.3226,33455573.897,40635651.3646,0,0,0,0,2591381.78,0,0,20978.558,55217938.0091,164760032.82685536
2017-07-01 00:00:00,0,124484.0942,3656215.9804000007,0,3329895.1827999996,0,0,23044239.45449321,0,24953311.5779,52944135.9762,0,0,0,0,0,0,0,0,60690541.803899996,168742824.0698932
2017-08-01 00:00:00,0,231931.16980000003,2165904.0801,0,5132223.5496,0,0,25887775.513512254,82139.4967,40234351.4698,45209835.31140001,0,0,0,0,8625939.1479,0,0,42954.638399999996,56962865.3098,184575919.68701228
2017-09-01 00:00:00,0,249942.672,10024835.2764,0,9791489.474800002,0,0,17945209.404921502,0,23314212.285800003,32968782.900200002,0,0,0,0,0,0,0,20894.701600000004,68983486.6435,163298853.35922152
2017-10-01 00:00:00,0,347989.88769999996,10286157.199599998,0,8922247.9004,0,0,33728272.71161011,1028088.0179999999,39001099.926699996,48687082.5506,0,0,0,0,2658491.8,0,0,0,53299529.0515,197958959.0461101
2017-11-01 00:00:00,0,812942.876,6618593.5940000005,0,1905033.0363,0,0,51212020.6440512,0,31447248.2844,39369667.0531,0,0,0,0,0,0,0,20894.701600000004,91118047.7554,222504447.94485122
2017-12-01 00:00:00,0,284596.4245,3363446.9488000004,0,5305772.1128,0,0,32914635.13572935,605519.0856,49720441.5577,63042520.697,0,0,0,0,13871652.18725,0,0,20894.701600000004,94857750.98889999,263987229.83987933
2018-01-01 00:00:00,0,398907.9274,7185924.5682,0,7276581.444399999,98817821.9496,1653682.1312999998,22459209.47124037,0,43740494.466900006,44209044.9911,0,0,0,0,0,0,0,23235.839300000003,0,225764902.78944036
2018-02-01 00:00:00,0,277531.6643,5250482.6434,0,3985847.7649999997,77314014.3825,2178306.9551999997,31108528.700831622,0,39583590.9465,53224117.0008,0,0,0,0,6923246.87,0,0,140.8516,0,219845807.78013164
2018-03-01 00:00:00,0,452182.59270000004,4487399.6749,0,1902343.4636,71391192.31469999,984620.5695000001,35450594.61751923,2150432.1696,44256255.5933,44717379.9536,0,0,0,0,7443105.620000001,0,0,22233.394000000004,0,213257739.96341923
2018-04-01 00:00:00,0,184903.4733,9457307.4135,0,5618498.521199999,59059258.9385,0,10675996.43086366,0,41479755.0671,54419562.010199994,0,0,0,0,0,0,0,20694.458300000002,0,180915976.31296366
2018-05-01 00:00:00,0,336237,7632519.0313,0,6308179.000699999,143956033.5955,3323369.3490000004,35991792.158008724,0,50264668.8035,53161601.2183,0,0,0,0,6526199.14,0,0,2278.1472,0,307502877.44350874
2018-06-01 00:00:00,0,503285.17,8642897.148200002,0,3342956.757,71478253.17549999,0,33065879.274111763,3070404.8153999997,40497377.2588,52164734.8853,0,99140,0,0,0,0,0,41386.0539,0,212906314.53821176
2018-07-01 00:00:00,0,687001.7904999999,8666850.931100002,0,3687159.755,65898626.2869,0,30486905.41159726,539606.8529999999,45850206.8048,64836113.4816,0,0,0,0,7597848.77,0,0,3091.2288000000003,0,228253411.31329727
2018-08-01 00:00:00,0,286932.9659,13443406.949700002,0,7510544.063,112722779.2985,0,23228294.897762213,3000843.9982000003,55771804.0692,48871064.9975,0,0,0,0,0,0,0,21423.832100000003,0,264857095.07186222
2018-09-01 00:00:00,0,404846.8493,1873701.4704,0,8352623.4008,82361842.68180001,0,26861063.256571177,2768657.752,38127499.709,47599007.0818,0,0,0,0,5846547.13,0,0,0,0,214195789.33167118
2018-10-01 00:00:00,0,356013.9297,10287893.645,0,5092693.2798999995,98015643.8324,613913.01,36252915.15678483,322646.91,62386937.0992,59819904.179800004,0,0,0,0,4959534.4558,0,0,21440.494100000004,0,278129535.99268484
2018-11-01 00:00:00,0,228710.03960000002,4145374.1509000002,0,4327257.0606,79767510.15640001,2932762.6591999996,34209827.567630716,0,36704165.838700004,37049123.2706,0,0,0,0,4695014.66,0,0,21118.864500000003,0,204080864.26813072
2018-12-01 00:00:00,0,265824.8694,4594477.8584,0,6319267.2351,58794802.892000005,0,28337790.7996811,0,31185399.2731,40567999.49869999,0,0,0,0,6730102.458799999,0,0,28235.531700000003,0,176823900.41688108
2019-01-01 00:00:00,6006510.3127671,247378.6732,11132815.8237,98352.98000000001,4262914.2826,86195162.572,0,18973098.076341745,2129298.5439,40233775.3084,42638140.695999995,299010.0739211,0,175.9313,33909.3996,2147332.6739000003,0,780862.049,157.16939999999997,0,215178894.5660299
2019-02-01 00:00:00,9294484.233416405,926855.642,6619256.5490999995,91833.98000000001,7965407.2265,95275892.2502,0,21230837.013511855,242724.012,28406187.116499998,34897058.5377,204913.62480000002,0,2409.0318,35001.759000000005,3254350.6596000004,0,949966.2011,41128.7193,0,209438306.55652824
2019-03-01 00:00:00,6708471.022700001,1009330.306,7346751.272599999,166285.35989999998,9239914.9684,128635123.0893,0,17801170.541447926,0,47415295.9555,53984051.9517,143753.13300000003,0,2691.0604,0,3965335.4000000004,0,415785.7125,20669.3947,0,276854629.1681479
2019-04-01 00:00:00,6585765.792959999,296712.053,18559474.570899997,213946.61430000002,6245217.2577,103740075.49159999,3220537.2010999997,30733903.659784134,2035741.3895,70255946.6818,56813100.306700006,294794.37285970006,0,2449.8432,0,3425533.7279999997,0,317122.5066,40646.523199999996,0,302780967.9932039
2019-05-01 00:00:00,7772797.675379898,679119.6131999999,7355509.8339,73757.06259999999,4848600.614,85161919.9465,0,28273905.090679996,0,47798093.0052,48159106.8452,174510.04103680002,0,5357.4547,0,6530873.2296,0,570209.9044,23205.900200000004,0,237426966.2165967
2019-06-01 00:00:00,7028352.810254934,468086.44190000003,20577843.356799997,149818.3616,5363921.0929,79941893.8023,0,26223762.8026,1831696.71,49433311.582,46904566.9294,68152.8784444,0,0,0,2936979.7544,0,869007.6899,0,0,241797394.21249932
2019-07-01 00:00:00,7371493.484444702,1595747.1664999998,790093.323,137057.54369999998,4817641.3092,83658593.8989,0,28505821.794099998,0,40593094.4764,38045269.0983,110369.289593,0,7720.5417,0,0,0,839508.7289,22552.698,0,206494963.3527377
2019-08-01 00:00:00,6820656.601508,937441.4593,9028087.2332,161960.456,6040080.510299999,90181244.62130001,0,25782753.6343,0,61870860.9837,52659400.3887,129276.54600000002,0,6809.517000000001,0,0,0,430554.2004,2558.5771999999997,0,254051684.728908
2019-09-01 00:00:00,5914028.246796002,448670.9088,5722981.419000001,246089.69,3465181.6102,43688760.617,606122.7835,34913181.92340001,0,34373184.9708,35068131.992400005,140849.033,0,1166.6899999999998,41512.60600000001,1341904.9968,0,1039060.4877999999,24946.5128,0,167035774.488296
2019-10-01 00:00:00,7813319.8628,788703.5348999999,4526158.638900001,42687.3943,3365227.2307,93181631.15969999,2517275.7071999996,10444778.9905,0,48589072.283,50438653.9333,111914.37849999999,0,5881.20426,0,5958036,0,544649.4449,374.06620000000004,0,228328363.82916
2019-11-01 00:00:00,6119694.58094,586649.1989,3527531.5348,225164.25000000003,4180927.4798,88858293.1156,0,25522840.592100002,278893.65599999996,54938202.219,48337454.6152,226320.53639999998,0,6735.174208,0,0,0,936627.3692,41791.563500000004,0,233787125.885648
2019-12-01 00:00:00,8958842.58952,485201.313,6260574.140799999,201804.603,2892588.8507999997,87502819.2787,0,26852675.783099998,0,48692790.335,56482156.357999995,173455.10009999998,3244598.6695999997,5362.350039999999,0,2296184.09,0,659903.9422,9550.2507,0,244718507.65455997
2020-01-01 00:00:00,8351382.29,396410.55,390735.92,271490.5,5219158.67,81616842.47,2849331.84,29460399.17,0,46592838.42,45175987.33,292605.28,0,4696.58,0,0,0,807048.6,41891.47,0,221470819.09
2020-02-01 00:00:00,6513401.66,504359,7665316.58,251374.64,4779444.7,85443767.27,811279.29,19259717.16,3210774.57,47484769.03,42315849.4,159168.9,0,5898.53,0,5348882.29,0,748791.92,0,0,224502794.94
2020-03-01 00:00:00,7592091.87,259597.89,7935210.92,423949.9,5265091.14,74431149.23,83794.75,23815437.08,0,38787941.44,42651815.17,250604.52,0,3349.18,0,1712609.22,0,1081085.77,0,0,204293728.07999998
2020-04-01 00:00:00,5536520.67,211017.84,4591786.39,338649.84,0,34401646.33,0,17127554.64,38877.11,8112473.3,12669226.64,197294.61,0,0,0,0,0,545472.02,40374.06,0,83810893.44999999
2020-05-01 00:00:00,6511739.3,408895,1927673.65,230923.95,0,24449653.47,63478.58,19259172.28,0,14057142.23,6170678.04,153673.76,0,0,0,3929477.64,0,550471.16,20188.43,0,77733167.49
2020-06-01 00:00:00,4632051.77,442515.15,3721315.35,143348.89,730321.98,45689322.59,2216502.18,17081331.59,0,30468965.13,19964385.86,71166.77,0,0,21035.79,3666665.6,0,624083.32,0,0,129473011.97
2020-07-01 00:00:00,5118531.25,208800.14,3120482.33,0,1224792.86,39557034.48,0,25828650.05,0,22408291.47,18215466.49,89444.84,0,0,20551.66,5810196.23,0,628450.99,19608.66,0,122250301.44999999
2020-08-01 00:00:00,5218396.58,246768.29,2637040.86,0,2162602.73,41611463.59,396412.91,23225300.36,0,26996980.12,21295965.93,132790.27,0,0,3920.35,0,0,509861.77,19608.66,0,124457112.42
2020-09-01 00:00:00,5843967.76,65529.53,1241498.12,0,0,50610285.71,0,12804786.11,304657.73,31484029.49,31432766.74,73942.82,0,146.12,0,2932191.8,0,1318085.87,19608.66,0,138131496.46
2020-10-01 00:00:00,10617324.42,360199.52,5988272.16,308048.5,984244.62,42758652.14,0,31780728.66,0,44267697.48,40344068.16,53019.24,0,0,1306.78,0,0,526514.65,22760.06,0,178012836.39
2020-11-01 00:00:00,8190167.31,189187.99,6004032.34,146522.58,1235462.13,58485214.16,2291809.29,11499216.06,95414.75,36688028.08,28871210.31,68821,0,1335.35,41297.4,0,0,1831177.86,0,0,155638896.61
2020-12-01 00:00:00,8080230.7,309992.02,4212922.89,124202.74,1949308.46,62765681.15,0,22937712.81,23800.14,43054018.87,43663994.07,152183.06,0,1819.85,12263.86,2981910.91,0,469058.6,44776.22,0,190783876.35
2021-01-01 00:00:00,15752888.93,173514.11,3797079.33,68879.25,2048050.56,76524351.79,85104.81,23118260.69,0,38167917.74,40951959.39,282144.45,0,2131.4,0,2982609.51,0,1241374.63,0,0,205196266.59
2021-02-01 00:00:00,13870889.05,181676.75,4347256.56,270714.28,2330264.72,74596520.2,75160.62,31635566.55,0,47704895.63,50186804.27,161034.71,0,5184.39,9800.87,0,0,1393358.53,0,0,226769127.13000003
2021-03-01 00:00:00,18571765.73,169530.71,12490312.88,166728.63,3210604.47,107542584.08,1073375.54,30757474.96,3536117.44,60537404.4,71411674.41,337497.89,0,1898.69,71155.68,2900994.72,0,385240.75,0,0,313164360.98
2021-04-01 00:00:00,13269477.1,182295.34,7796374.65,311258.15,3924266.62,94451110.4,2704117.44,36204674.08,0,53148986.12,107212732.47,374425.53,0,908.08,0,0,10438.15,1805481.62,0,0,321396545.75
2021-05-01 00:00:00,15797030,336079.85,9314331.74,769715.8,2469919.08,104448562.5,0,34733840.42,0,56764811.25,57583636.59,141881.96,0,5879.88,11692.26,8213244.49,0,2281416.98,0,0,292872042.8
2021-06-01 00:00:00,12429513.23,215575.28,12543497.11,1133402.82,5577225.38,123513527.91,118892.16,25342935.86,0,71485966.09,55978593.06,267890.35,0,8221.56,5364.68,0,65455.04,833857.44,0,0,309519917.97
2021-07-01 00:00:00,14419440.22,312045.25,2541247.55,0,4327687.31,95618203.83,1137977.87,40633548.19,0,77775161.58,66919326.31,147525.09,0,2886.14,0,4290873.51,129178.93,1339318.06,0,0,309594419.84
2021-08-01 00:00:00,12357314.29,225937.5,6249718.87,3535.28,3531690,100289921.76,150473.76,46882687.35,456762.31,61653251.99,66852983.93,98419.22,0,6047.02,0,12382225.22,0,740615.44,0,0,311881583.94
2021-09-01 00:00:00,11245982.81,180608.96,6601448.01,30695.57,3124776.21,77077173.54,0,44768346.61,0,79683442.51,60520658.94,119284.56,0,6813.86,21081.48,28706598.97,0,298267.38,0,0,312385179.40999997
2021-10-01 00:00:00,9285269.38,408007.61,10494637.46,100830.39,8123562.17,152364361.9,3753247.82,52231147.11,0,51286574.53,58887473.14,139801.73,0,22037.82,5192.74,7521295.61,0,393080.95,0,0,355016520.36
2021-11-01 00:00:00,12675332.02,495085.58,4616886.95,57663.32,3831142.97,103328038.91,0,41365425.95,233281.54,68139038.24,62162486.06,180707.28,0,594.78,141003.91,37699031.18,0,2220007.81,0,0,337145726.5
2021-12-01 00:00:00,11679180.01,412585.84,12064641.55,23291.44,7139448.98,116517789.63,0,48020360.88,0,70821368.77,60092129.14,105018.93,0,3097.25,3576.46,48975044.55,0,2522163.47,0,0,378379696.9
2022-01-01 00:00:00,10458713.6545,338000.39,5919510.1445,36847.6757,4419439.194999999,141762768.7931,398280,44372151.96524489,3313716.7615999994,80319951.4838,94173870.7167,400919.7262999999,0,6063.753200000001,5467.851000000001,73476533.4994,165873.46509999997,211345.0539,0,0,459779454.1290449
2022-02-01 00:00:00,13787618.6125,503472.37239999993,5811202.3372,111531.9383,4981197.3608,142174852.7059,0,49010438.837261,0,77965651.72369999,74444161.8038,259363.55348000003,0,3283.023,240.72300000000004,53646638.8993,142598.7024,1905928.5100000002,0,0,424748181.103041
2022-03-01 00:00:00,16438673.66141,488343.5172,13468615.0956,126346.57380000001,13052281.118,171279832.80759996,2258555.0143999998,53140365.703312,248640.036,94884790.2075,75674103.9434,459985.95695100003,0,22231.531600000002,62902.5738,88064102.9044,714156.5229,860302.3851999999,0,0,531244229.553073
2022-04-01 00:00:00,15146179.7362,304237.7274,26863634.8942,255621.52300000004,8373656.2169,207986025.8069,690795.6510000001,53705889.698199995,0,120198020.4355,68263518.4083,316440.03917999996,0,12127.6592,165730.5856,76945578.3218,0,352466.32109999994,0,0,579579923.0244799
2022-05-01 00:00:00,18736099.618975457,639870.2583999999,6450147.1782,183245.879,10767987.736499999,222677553.93629998,1415229.2205000003,49103835.9251,0,111868177.6128,103187446.0723,186112.74019999994,0,2617.6675999999998,93050.9678,8267118.92,0,2905930.431,0,0,536484424.1646755
2022-06-01 00:00:00,17340242.564600002,633136.1688,17883288.6607,48612.427500000005,15908758.316999998,170700058.0673,3625528.4604,20828433.0669,0,107522793.6546,94039968.0612,252383.65019999997,0,11431.2274,1719.45,72247141.22000001,89996.82,1295369.5766000003,0,0,522428861.39320004
2022-07-01 00:00:00,13467018.799700001,638643.68,6597970.4931,159885.44,8712751.0827,187659087.7046,4231962.032,51927652.518,175374.012,148362428.4722,97485951.1333,308637.6401,0,6758.427900000001,49752.558000000005,0,147411.902,2410427.7406,0,0,522341713.6362001
2022-08-01 00:00:00,15145907.289488902,983803.4037,6675416.103399999,16018.3584,11562768.0509,194317035.4356,0,51718306.4909,1668038.9649,79909817.7566,48387067.921299994,567983.1212699999,0,7616.6196,0,258757028.31780002,378707.0309,2888732.0494999997,0,0,672984246.914259
2022-09-01 00:00:00,11602038.468309999,1179477.9544000002,9532224.196200002,8691.85,6022591.8113,149046423.0912,723008.5702,29768510.029799998,71263.03499999999,95375309.23300001,64046887.0839,440340.62535,0,13986.009,0,0,191361.9087,208276.06440000003,0,0,368230389.93076
2022-10-01 00:00:00,11216239.557271298,686159.1139,3216457.8507,363389.6866,13473595.6707,145966683.52600002,1797291.6033,45507386.024674006,0,85971493.1656,66970514.8316,1065203.9812,0,8638.57,4333.014,59451679.6366,103076.6372,2147272.6733,0,0,437949415.5426454
2022-11-01 00:00:00,11836961.3147,837979.6365,8738810.808600001,0,7985856.961200001,171205796.2617,1418611.1379,44210094.42575,0,86054142.3599,72830206.99520001,651601.4305999998,0,8279.2542,44355.441,121693483.8162,116025.48,2949764.7589,0,0,530581970.08235
2022-12-01 00:00:00,11784278.15149328,897611.6856000001,11806599.290000001,49103.99,7393908.4056,136013573.1226,1097976.8448,40798512.772824,804386.7755000001,82795171.069,62748231.3755,492263.7947625,0,8733.2284,143906.6989,47106190.224800006,0,368039.47419999994,0,0,404308486.9039797
2023-01-01 00:00:00,13458546.96,1063445.09,7053207.77,10928.62,9053374.37,194551931.49,5349729.03,30915282.09,0,94595203.37,62914803.53,291701.3,0,12278.16,21733.85,0,19401.6,778256.27,0,0,420089823.5000001
2023-02-01 00:00:00,15844404.44,1501086.98,6911666.13,241163.2,21658773.99,162606927.54,0,36249050.6,3043783.2,117930417.31,83111403.51,228669.07,0,4549.5,41524.21,106484083.01,17110.77,2832963.77,0,0,558707577.2299999
2023-03-01 00:00:00,16911444.36,1263206.79,8070071.19,,7739676.98,151485198.81,575093.83,40438464.84,0,85531172.94,73622463.75,319379.04,0,8066.18,105271.52,8062622.85,99518.46,2203035.8,0,0,396434687.34000003
2023-04-01 00:00:00,15249319.26,23929768.31,8193012.08,71354,12457297.21,164777580.53,2122442.83,34724134.49,247909.96,95979373.24,68032109.66,161634.19,0,3069.86,33242.4,0,145366.99,4678236.66,0,0,430805851.6700001
2023-05-01 00:00:00,16712402.03,34674402.37,13897663.33,4319.4,8745791.84,137962906.61,1381368.93,36341733.29,0,94933423.17,73823568.87,443295.73,0,7180.9,38693.95,46474011.19,50878.53,2583212.17,0,0,468074852.31
2023-06-01 00:00:00,10571180.63,26414626.11,22990422.2,112889.05,6926893.67,133767582.18,0,14192148.15,47565.26,87410588.99,72426028.19,139101.93,0,6768.73,33630.8,6627934.54,28423.59,879098.58,0,0,382574882.6
2023-07-01 00:00:00,18960071.57,1874939.22,18846916.78,120809,7787465.56,115698160.01,0,47169038.7,0,83896558.81,64479681.74,91800.55,0,7824.22,69475.75,44825711.59,224647.65,3399349.23,0,0,407452450.3800001
2023-08-01 00:00:00,14208559.58,905309.79,12546537.31,66915.02,10015377.45,131060679.69,649539.36,16524227.09,0,95590504.09,86076728.49,226556.1,0,6685.99,104377.08,37117482.15,0,2592920.04,0,0,407692399.23
2023-09-01 00:00:00,13352179.29,1400909.98,5262138.8,190019.95,13010495.73,166878914.54,638212.79,30826173.44,374478.12,90828579.46,73420487.07,200082.8,0,7428.92,36893.23,6111612.58,203189.28,516419.11,0,0,403258215.09
2023-10-01 00:00:00,12597473.93,818898.27,8746230.21,79956.25,6500651.62,110301394.8,640260.37,34806278.67,839114.55,96614039.9,72668714.1,41566.51,0,7227.78,34118.19,8923428.22,57543.6,2457816.39,0,0,356134713.3600001
2023-11-01 00:00:00,12973765.94,1146698.44,10104519.98,5765.35,9035537.34,153669622.96,2031089.83,32061372.56,0,76838215.86,65594432.24,392526.02,0,7599.24,31662.02,34654991.09,303849.85,460303.74,0,0,399311952.46000004
2023-12-01 00:00:00,16070616.87,1004800.43,22033263.46,11710.14,10981333.75,158517013.08,2549679.86,34582384.03,374122.52,65502030.44,51079217.49,149274.14,0,4079.45,412.67,49619269.18,258230.5,2344312.67,0,0,415081750.68000007
2024-01-01 00:00:00,13186554.69,784379.96,6299413.73,126449.32,11149916.39,147423642.4,716128.68,37133037.54,0,82007683.59,67971993.48,246826.61,0,10956.45,87690.84,24081102.56,0,2440409.41,0,0,393666185.65000004
2024-02-01 00:00:00,13064003.3,535619.58,17020219.14,52550.54,10196856.23,143198493.6,548507.99,50609198.57,646261.8,72097695.51,67344310.06,224346.48,0,11172.36,31647.2,28560464.37,176305.47,2899026.84,0,0,407216679.04
2024-03-01 00:00:00,16659857.76,574454.55,11818126.61,0,11948096.96,167408852.92,564593.37,39854953.03,0,89170346.25,72140924.81,204001.14,0,6944.35,48624.15,29250845.2,322561.67,987717.3,0,0,440960900.07
2024-04-01 00:00:00,19798956.75,782817.64,5195842.72,16001.78,9807749.18,147593357.88,4001565.01,22999060.16,451410.68,98496912.91,82715745.1,697420.92,0,11080.15,33563.2,0,664886.44,2801410.59,0,0,396067781.1099999
2024-05-01 00:00:00,18742531.29,1021378.55,39649000.42,77937.12,10057343.42,155071721.77,0,37933538.93,892074.12,100398279.86,80935977.93,247326.35,0,9664.21,50651.2,11050440,311867.95,2416559.48,0,0,458866292.6
2024-06-01 00:00:00,14624915.75,908008.6,51567723.09,0,6699560.01,135133290.52,2742603.7,35178334.06,420633.08,74635186.01,63412936.16,282598.09,0,9971.96,75619.24,5116638.75,264623.41,1429685.77,0,0,392502328.2
2024-07-01 00:00:00,17693165.92,342272.64,28185985.45,43052.3,10989817.57,129373782.52,517660.16,33560000.41,0,91647425.21,75370939.41,1357792,0,9168.88,0,91688334.21,0,1783963.28,0,0,482563359.96
2024-08-01 00:00:00,127025417.08,526485.73,8585828.39,18668.8,10872135.7,121937875.69,504426.92,49358131.7,0,83136606.51,73352752.41,280609.94,10830.22,9108.59,38559.89,31704345.4,14744.4,724315.27,0,0,508100842.63999987
2024-09-01 00:00:00,12347077.79,109114.85,3068972.67,9407.8,6002359.78,97238744.15,474870.27,36911464.27,498904.49,102995364.38,75992458.87,762379.61,0,5695.68,33296,27377432.58,0,2484198.45,0,0,366311741.64000005
2024-10-01 00:00:00,15223296.48,362355.3,11309712.73,2250.96,6498044.91,130763400.35,3939474.01,37491518.43,0,70309454.15,69133287.96,257123.85,0,19292.42,34028.4,41002108.52,345925.62,1642997.37,0,0,388334271.46
2024-11-01 00:00:00,15727761.85,737852.17,871467.78,9474.31,6480657.97,120972906.67,936075.35,28255330.71,0,70538236.03,60561981.51,161539.67,0,28975.9,36595.69,3715810.38,282181.38,1045046.69,0,0,310361894.06
2024-12-01 00:00:00,10452712.79,672138.7,1781396.61,6565.96,3679245.96,132482532.88,6361296.91,53296982.16,6157373.56,76201220.53,65811193.99,269131.57,0,10910.69,0,4651571.16,287752.5,2382325.17,0,0,364504351.14000005
,,,,,,,,,,,,,,,,,,,,,
Fuente: informes mensuales de titulares de licencias de la cadena de comercialización de hidrocarburos.,,,,,,,,,,,,,,,,,,,,,
"Nota: Información sujeta a actualización por presentación extemporánea y rectificacion de informes mensuales, por parte de los sujetos obligados.",,,,,,,,,,,,,,,,,,,,,
